{
  "screens": [
    {
      "name": "Login",
      "sections": [
        {
          "name": "Onload_Config",
          "components": [
            {
              "type": "",
              "fields": [
                {
                  "name": "",
                  "fieldType": "",
                  "mandatory": false,
                  "placeholder": "",
                  "regexValidation": "",
                  "mapField": "",
                  "regexMsg": "",
                  "masters": "",
                  "label": "",
                  "defaultValue": "",
                  "action": {
                    "Actions": [
                      {
                        "step": 1,
                        "type": "ShowSection",
                        "fields": {
                          "Signin": true,
                          "Signup": false,
                          "Verification": false
                        }
                      },
                      {
                        "step": 2,
                        "type": "CallAPI",
                        "fields": {
                          "type": "get",
                          "route": "master/"
                        },
                        "Success": [
                          {
                            "step": 1,
                            "type": "setVar",
                            "fields": {
                              "vars": "masters"
                            }
                          }
                        ],
                        "Error": [
                          {
                            "step": 1,
                            "type": "SetErr",
                            "fields": {
                              "error": "response.err"
                            }
                          }
                        ]
                      }
                    ]
                  }
                }
              ]
            }
          ]
        },
        {
          "name": "Signin",
          "components": [
            {
              "type": "Form",
              "fields": [
                {
                  "name": "username",
                  "fieldType": "Textbox",
                  "mandatory": true,
                  "placeholder": "Enter UserName",
                  "regexValidation": "Regex.email",
                  "mapField": "Users.Username",
                  "regexMsg": "Format not Correct",
                  "label": "Textbox",
                  "action": ""
                },
                {
                  "name": "password",
                  "fieldType": "Password",
                  "mandatory": true,
                  "placeholder": "Enter Password",
                  "regexValidation": "Regex.password",
                  "mapField": "Users.Password",
                  "label": "Password",
                  "regexMsg": "Should have at least 5 characters with 1 number",
                  "action": ""
                },
                {
                  "name": "Login",
                  "fieldType": "Button",
                  "mandatory": false,
                  "placeholder": "",
                  "regexValidation": "",
                  "mapField": "",
                  "masters": "",
                  "label": "Login",
                  "regexMsg": "",
                  "defaultValue": "",
                  "action": {
                    "Actions": [
                      {
                        "step": 1,
                        "type": "CallAPI",
                        "fields": {
                          "type": "POST",
                          "route": "users/"
                        },
                        "Success": [
                          {
                            "step": 1,
                            "type": "Redirect",
                            "fields": {
                              "url": "Home"
                            }
                          },
                          {
                            "step": 2,
                            "type": "PassParam",
                            "fields": {
                              "value": "Response.SessionToken"
                            }
                          }
                        ],
                        "Error": [
                          {
                            "step": 1,
                            "type": "SetErr",
                            "fields": {
                              "error": "Response.err"
                            }
                          }
                        ]
                      }
                    ]
                  }
                }
              ]
            }
          ]
        },
        {
          "name": "Signup",
          "components": [
            {
              "type": "Form",
              "fields": [
                {
                  "name": "country",
                  "fieldType": "Dropdown",
                  "mandatory": true,
                  "placeholder": " ",
                  "regexValidation": "",
                  "mapField": "Users.Country",
                  "regexMsg": "",
                  "masters": "vars.masters.country",
                  "label": "Country",
                  "action": ""
                },
                {
                  "name": "username",
                  "fieldType": "Textbox",
                  "mandatory": true,
                  "placeholder": "Enter UserName",
                  "regexValidation": "Regex.email",
                  "mapField": "Users.Username",
                  "label": "Username",
                  "regexMsg": "Format not Correct",
                  "action": ""
                },
                {
                  "name": "password",
                  "fieldType": "Password",
                  "mandatory": true,
                  "placeholder": "Enter Password",
                  "regexValidation": "Regex.password",
                  "mapField": "Users.Password",
                  "label": "Password",
                  "regexMsg": "Should have at least 5 characters with 1 number",
                  "action": ""
                },
                {
                  "name": "confirmPassword",
                  "fieldType": "Password",
                  "mandatory": true,
                  "placeholder": "Enter Password",
                  "regexValidation": "Field.eq(password)",
                  "mapField": "",
                  "label": "Confirm Password",
                  "regexMsg": "Same as Password",
                  "action": ""
                },
                {
                  "name": "Submit",
                  "fieldType": "Button",
                  "mandatory": false,
                  "placeholder": "",
                  "regexValidation": "",
                  "mapField": "",
                  "masters": "",
                  "label": "Submit",
                  "regexMsg": "",
                  "defaultValue": "",
                  "action": {
                    "Actions": [
                      {
                        "step": 1,
                        "type": "CallAPI",
                        "fields": {
                          "type": "POST",
                          "route": "User/store"
                        },
                        "Success": [
                          {
                            "step": 1,
                            "type": "ShowSection",
                            "fields": {
                              "Verification": true,
                              "Signin": false,
                              "Signup": false
                            }
                          }
                        ],
                        "Error": [
                          {
                            "step": 1,
                            "type": "setErr",
                            "fields": {
                              "error": "Response.err"
                            }
                          }
                        ]
                      }
                    ]
                  }
                }
              ]
            }
          ]
        },
        {
          "name": "Verification",
          "components": [
            {
              "type": "Form",
              "fields": [
                {
                  "name": "verificationCode",
                  "fieldType": "Textbox",
                  "mandatory": true,
                  "mapField": "Users.otp",
                  "label": "Verification Code",
                  "action": ""
                },
                {
                  "name": "Submit",
                  "fieldType": "Button",
                  "mandatory": true,
                  "placeholder": "",
                  "regexValidation": "",
                  "mapField": "",
                  "masters": "",
                  "label": "Submit",
                  "regexMsg": "",
                  "defaultValue": "",
                  "action": {
                    "Actions": [
                      {
                        "step": 1,
                        "type": "CallAPI",
                        "fields": {
                          "type": "POST",
                          "route": "users/otp"
                        },
                        "Success": [
                          {
                            "step": 1,
                            "type": "Redirect",
                            "fields": {
                              "url": "Home"
                            }
                          },
                          {
                            "step": 2,
                            "type": "PassParam",
                            "fields": {
                              "value": "Response.SessionToken"
                            }
                          }
                        ],
                        "Error": [
                          {
                            "step": 1,
                            "type": "setErr",
                            "fields": {
                              "Error": "ResponseErr"
                            }
                          }
                        ]
                      }
                    ]
                  }
                }
              ]
            }
          ]
        },
        {
          "name": "Header",
          "components": [
            {
              "type": "Nav",
              "fields": [
                {
                  "name": "Signin",
                  "fieldType": "",
                  "mandatory": false,
                  "placeholder": "",
                  "regexValidation": "",
                  "mapField": "",
                  "regexMsg": "",
                  "masters": "",
                  "label": "",
                  "defaultValue": "",
                  "action": {
                    "Actions": [
                      {
                        "step": 1,
                        "type": "ShowSection",
                        "fields": {
                          "Signin": true,
                          "Verification": false,
                          "Signup": false
                        }
                      }
                    ]
                  }
                },
                {
                  "name": "Signup",
                  "fieldType": "",
                  "mandatory": false,
                  "placeholder": "",
                  "regexValidation": "",
                  "mapField": "",
                  "masters": "",
                  "label": "",
                  "regexMsg": "",
                  "defaultValue": "",
                  "action": {
                    "Actions": [
                      {
                        "step": 1,
                        "type": "ShowSection",
                        "fields": {
                          "Signin": false,
                          "Verification": false,
                          "Signup": true
                        }
                      }
                    ]
                  }
                }
              ]
            }
          ]
        }
      ]
    }
  ]
}